id,name,acquired,slug,runtime,year,genres,budget,boxOffice,originalCountry,originalLanguage,franchise,status.recordType
136578,The Super Mario Bros. Movie,False,super-mario,92.0,2023,"Adventure, Animation, Comedy",100000000.0,1301294265.0,usa,eng,Super Mario Bros. Franchise,movie
66,Harry Potter and the Philosopher's Stone,False,harry-potter-and-the-philosophers-stone,152.0,2001,"Adventure, Family, Fantasy",125000000.0,978100000.0,gbr,eng,Harry Potter Franchise,movie
63,Harry Potter and the Chamber of Secrets,False,harry-potter-and-the-chamber-of-secrets,161.0,2002,"Adventure, Family, Fantasy, Mystery",100000000.0,879602366.0,gbr,eng,Harry Potter Franchise,movie
154,Harry Potter and the Prisoner of Azkaban,False,harry-potter-and-the-prisoner-of-azkaban,142.0,2004,"Adventure, Family, Fantasy, Mystery",130000000.0,796700000.0,gbr,eng,Harry Potter Franchise,movie
153,Harry Potter and the Goblet of Fire,False,harry-potter-and-the-goblet-of-fire,157.0,2005,"Adventure, Family, Fantasy, Mystery",140000000.0,895900000.0,gbr,eng,Harry Potter Franchise,movie
128,Harry Potter and the Order of the Phoenix,False,harry-potter-and-the-order-of-the-phoenix,138.0,2007,"Action, Adventure, Family, Fantasy, Mystery",150000000.0,938500000.0,gbr,eng,Harry Potter Franchise,movie
181,Harry Potter and the Half-Blood Prince,False,harry-potter-and-the-half-blood-prince,153.0,2009,"Action, Adventure, Family, Fantasy, Mystery",250000000.0,933900000.0,gbr,eng,Harry Potter Franchise,movie
201,Harry Potter and the Deathly Hallows: Part 1,False,harry-potter-and-the-deathly-hallows-part-1,146.0,2010,"Action, Adventure, Family, Fantasy",250000000.0,960000000.0,gbr,eng,Harry Potter Franchise,movie
142,Harry Potter and the Deathly Hallows: Part 2,False,harry-potter-and-the-deathly-hallows-part-2,130.0,2011,"Adventure, Family, Fantasy, Mystery",1250000000.0,1340000000.0,usa,eng,Harry Potter Franchise,movie
359067,The Drama,False,the-drama,105.0,2026,"Comedy, Drama, Romance",0.0,26232083.0,usa,eng,,movie
108,Iron Man,False,iron-man,126.0,2008,"Action, Adventure, Science Fiction",140000000.0,585366247.0,usa,eng,Marvel Cinematic Universe,movie
584,The Incredible Hulk,False,the-incredible-hulk,112.0,2008,"Action, Adventure, Science Fiction",150000000.0,264770996.0,usa,eng,Marvel Cinematic Universe,movie
187,Iron Man 2,False,iron-man-2,124.0,2010,"Action, Adventure, Science Fiction",200000000.0,623933331.0,usa,eng,Marvel Cinematic Universe,movie
123,Thor,False,thor,115.0,2011,"Action, Adventure, Fantasy",150000000.0,449326618.0,usa,eng,Marvel Cinematic Universe,movie
180,Captain America: The First Avenger,False,captain-america-the-first-avenger,124.0,2011,"Action, Adventure, Science Fiction, War",216700000.0,370569774.0,usa,eng,Marvel Cinematic Universe,movie
31,The Avengers,False,the-avengers,143.0,2012,"Action, Adventure, Science Fiction",220000000.0,1519000000.0,usa,eng,Marvel Cinematic Universe,movie
188,Iron Man 3,False,iron-man-3,130.0,2013,"Action, Adventure, Science Fiction",200000000.0,1214811252.0,usa,eng,Marvel Cinematic Universe,movie
178,Thor: The Dark World,False,thor-the-dark-world,112.0,2013,"Action, Adventure, Fantasy",170000000.0,644783140.0,usa,eng,Marvel Cinematic Universe,movie
965,Captain America: The Winter Soldier,False,captain-america-the-winter-soldier,136.0,2014,"Action, Adventure, Science Fiction, Thriller",177000000.0,714421503.0,usa,eng,Marvel Cinematic Universe,movie
26,Guardians of the Galaxy,False,guardians-of-the-galaxy,122.0,2014,"Action, Adventure, Fantasy, Romance, Science Fiction",232300000.0,333176600.0,usa,eng,Marvel Cinematic Universe,movie
59,Avengers: Age of Ultron,False,avengers-age-of-ultron,141.0,2015,"Action, Adventure, Fantasy, Science Fiction",495200000.0,1402809540.0,usa,eng,Marvel Cinematic Universe,movie
163,Ant-Man,False,ant-man,117.0,2015,"Action, Adventure, Comedy, Science Fiction",169300000.0,519311965.0,usa,eng,Marvel Cinematic Universe,movie
118,Captain America: Civil War,False,captain-america-civil-war,147.0,2016,"Action, Adventure, Science Fiction",250000000.0,1153300700.0,usa,eng,Marvel Cinematic Universe,movie
145,Doctor Strange,False,doctor-strange,115.0,2016,"Action, Adventure, Fantasy, Science Fiction",236600000.0,677796076.0,usa,eng,Marvel Cinematic Universe,movie
67,Guardians of the Galaxy Vol. 2,False,guardians-of-the-galaxy-vol-2,137.0,2017,"Action, Adventure, Comedy, Fantasy, Romance, Science Fiction",200000000.0,863800000.0,usa,eng,Marvel Cinematic Universe,movie
68,Spider-Man: Homecoming,False,spider-man-homecoming,133.0,2017,"Action, Adventure, Science Fiction",175000000.0,880166924.0,usa,eng,Marvel Cinematic Universe,movie
62,Thor: Ragnarok,False,thor-ragnarok,131.0,2017,"Action, Adventure, Comedy, Fantasy, Science Fiction",180000000.0,853983911.0,usa,eng,Marvel Cinematic Universe,movie
48,Black Panther,False,black-panther,134.0,2018,"Action, Adventure, Science Fiction",200000000.0,1347597973.0,usa,eng,Marvel Cinematic Universe,movie
8,Avengers: Infinity War,False,avengers-infinity-war,149.0,2018,"Action, Adventure, Fantasy, Science Fiction",400000000.0,2048000000.0,usa,eng,Marvel Cinematic Universe,movie
28,Ant-Man and the Wasp,False,ant-man-and-the-wasp,118.0,2018,"Action, Adventure, Comedy, Science Fiction",162000000.0,622674139.0,usa,eng,Ant-Man Franchise,movie
10,Captain Marvel,False,captain-marvel,124.0,2019,"Action, Fantasy, Science Fiction",152000000.0,507644000.0,usa,eng,Marvel Cinematic Universe,movie
148,Avengers: Endgame,False,avengers-endgame,181.0,2019,"Action, Adventure, Drama, Science Fiction",4000000000.0,2797501328.0,usa,eng,Marvel Cinematic Universe,movie
27759,Black Widow,False,black-widow-2021,134.0,2021,"Action, Adventure, Comedy, Drama, Science Fiction, Thriller",200000000.0,271596199.0,usa,eng,Marvel Cinematic Universe,movie
131146,Shang-Chi and the Legend of the Ten Rings,False,shang-chi-and-the-legend-of-the-ten-rings,132.0,2021,"Action, Adventure, Fantasy, Martial Arts",0.0,431298583.0,usa,eng,Marvel Cinematic Universe,movie
131147,Eternals,False,eternals,156.0,2021,"Action, Adventure, Drama",200000000.0,0.0,usa,eng,Marvel Cinematic Universe,movie
132448,Spider-Man: No Way Home,False,spider-man-no-way-home,148.0,2021,"Action, Adventure, Science Fiction",200000000.0,0.0,usa,eng,MCU,movie
32426,Doctor Strange in the Multiverse of Madness,False,doctor-strange-2,127.0,2022,"Action, Adventure, Fantasy",200.0,411.0,usa,eng,Marvel Cinematic Universe,movie
131141,Thor: Love and Thunder,False,thor-love-thunder,118.0,2022,"Action, Adventure, Fantasy",250000000.0,760928081.0,usa,eng,Thor Franchise,movie
31110,Black Panther: Wakanda Forever,False,black-panther-2,161.0,2022,"Action, Adventure, Drama, Fantasy, Science Fiction",250000000.0,842163066.0,usa,eng,Disney Investor Day 2020 Announcements,movie
132202,Ant-Man and the Wasp: Quantumania,False,ant-man-3,124.0,2023,"Action, Adventure, Comedy",200000000.0,476054452.0,usa,eng,Disney Investor Day 2020 Announcements,movie
11716,Guardians of the Galaxy Vol. 3,False,guardians-of-the-galaxy-vol-3,150.0,2023,"Action, Adventure, Comedy, Drama, Science Fiction",250000000.0,845555777.0,usa,eng,Guardians of the Galaxy Franchise,movie
49196,Deadpool & Wolverine,False,deadpool-3,128.0,2024,"Action, Comedy, Science Fiction",110000000.0,0.0,usa,eng,MARVEL,movie
160768,Captain America: Brave New World,False,captain-america-4,118.0,2025,"Action, Science Fiction, Thriller",0.0,-1.0,usa,eng,Captain America Franchise,movie
337758,Thunderbolts*,False,thunderbolts,127.0,2025,"Action, Adventure, Comedy, Drama, Fantasy, Science Fiction",0.0,0.0,usa,eng,Marvel Cinematic Universe,movie
131702,The Fantastic Four: First Steps,False,marvels-fantastic-four,116.0,2025,"Action, Adventure, Family, Science Fiction",200000000.0,216835810.0,usa,eng,Disney Investor Day 2020 Announcements,movie
269,Snow White and the Seven Dwarfs,False,snow-white-and-the-seven-dwarfs,83.0,1937,"Animation, Family, Fantasy, Musical, Romance",1490000.0,418000000.0,usa,eng,Disney animated canon uk,movie
1236,Pinocchio,False,pinocchio,88.0,1940,"Animation, Comedy, Family, Fantasy, Musical",2289247.0,84200000.0,usa,eng,Disney animated canon uk,movie
3018,Fantasia,False,fantasia,126.0,1940,"Animation, Family, Fantasy, Musical",2280000.0,83300000.0,usa,eng,Disney animated canon uk,movie
1810,Dumbo,False,dumbo-2019,112.0,2019,"Adventure, Family, Fantasy",0.0,0.0,usa,eng,Disney Live-action,movie
1151,Bambi,False,bambi,70.0,1942,"Animation, Drama, Family, Musical",858000.0,267400000.0,usa,eng,Disney animated canon uk,movie
369,Cinderella,False,cinderella-1950,75.0,1950,"Animation, Family, Fantasy, Musical, Romance",2900000.0,263600000.0,usa,eng,Disney animated canon uk,movie
693,Alice in Wonderland,False,alice-in-wonderland,108.0,2010,"Adventure, Family, Fantasy",200000000.0,1020000000.0,usa,eng,Alice in Wonderland Franchise,movie
1170,Peter Pan,False,peter-pan,77.0,1953,"Adventure, Animation, Family, Fantasy, Musical",4000000.0,87400000.0,usa,eng,Peter Pan Franchise,movie
600,Lady and the Tramp,False,lady-and-the-tramp,76.0,1955,"Adventure, Animation, Family, Romance",4000000.0,187000000.0,usa,eng,Disney animated canon uk,movie
467,Sleeping Beauty,False,sleeping-beauty,75.0,1959,"Animation, Family, Fantasy, Musical, Romance",6000000.0,51600000.0,usa,eng,Disney animated canon uk,movie
290930,Redefining the Line: The Making of One Hundred and One Dalmatians,False,redefining-the-line-the-making-of-one-hundred-and-one-dalmatians,33.0,2008,Documentary,0.0,0.0,fin,eng,,movie
1976,The Sword in the Stone,False,the-sword-in-the-stone,79.0,1963,"Adventure, Animation, Family, Fantasy, Musical",3000000.0,22200000.0,usa,eng,Disney animated canon uk,movie
762,Mary Poppins,False,mary-poppins,140.0,1964,"Family, Fantasy, Musical",6000000.0,103100000.0,usa,eng,Mary Poppins Franchise,movie
393,The Jungle Book,False,the-jungle-book,106.0,2016,"Adventure, Drama, Family, Fantasy",175000000.0,967724775.0,gbr,eng,Disney Live-action,movie
696,The Aristocats,False,the-aristocats,79.0,1970,"Adventure, Animation, Comedy, Family, Musical",4000000.0,191000000.0,usa,eng,Disney animated canon uk,movie
2144,Robin Hood,False,robin-hood-1973,83.0,1973,"Adventure, Animation, Comedy, Family, Musical, Romance",5000000.0,32000000.0,usa,eng,Disney animated canon uk,movie
4920,The Many Adventures of Winnie the Pooh,False,the-many-adventures-of-winnie-the-pooh,74.0,1977,"Adventure, Animation, Comedy, Family, Musical",0.0,0.0,usa,eng,Disney animated canon uk,movie
1505,The Rescuers,False,the-rescuers,77.0,1977,"Adventure, Animation, Comedy, Family, Fantasy, Musical",7500000.0,169000000.0,usa,eng,Disney animated canon uk,movie
2754,Pete's Dragon,False,petes-dragon,103.0,2016,"Adventure, Family, Fantasy",65000000.0,143700000.0,usa,eng,Disney Live-action,movie
1561,The Fox and the Hound,False,the-fox-and-the-hound,83.0,1981,"Adventure, Animation, Drama, Family, Musical",12000000.0,63500000.0,usa,eng,The Fox and the Hound Franchise,movie
3032,The Black Cauldron,False,the-black-cauldron,82.0,1985,"Action, Adventure, Animation, Family, Fantasy",44000000.0,21300000.0,usa,eng,Disney animated canon uk,movie
3974,The Great Mouse Detective,False,the-great-mouse-detective,74.0,1986,"Adventure, Animation, Family, Musical, Mystery",14000000.0,38625550.0,usa,eng,Disney animated canon uk,movie
1259,Who Framed Roger Rabbit,False,who-framed-roger-rabbit,104.0,1988,"Animation, Comedy, Crime, Family, Fantasy",0.0,329800000.0,usa,eng,Roger Rabbit Collection,movie
2499,Oliver & Company,False,oliver-company,74.0,1988,"Adventure, Animation, Comedy, Family, Musical",31000000.0,74151346.0,usa,eng,Disney animated canon uk,movie
248,The Little Mermaid,False,the-little-mermaid,83.0,1989,"Animation, Family, Fantasy, Musical, Romance",40000000.0,211422730.0,usa,eng,Disney animated canon uk,movie
226,Beauty and the Beast,False,beauty-and-the-beast,87.0,1991,"Animation, Comedy, Family, Fantasy, Musical, Romance",25000000.0,425000000.0,usa,eng,Disney animated canon uk,movie
6792,Aladdin,False,aladdin-2019,129.0,2019,"Adventure, Family, Fantasy, Romance",182000000.0,999471420.0,usa,eng,Disney Live-action,movie
1498,The Nightmare Before Christmas,False,the-nightmare-before-christmas,77.0,1993,"Animation, Family, Fantasy, Musical",24000000.0,91491247.0,usa,eng,Complete List of Walt Disney Movies,movie
5024,The Lion King,False,the-lion-king-2019,118.0,2019,"Adventure, Animation, Family",260000000.0,1511326340.0,usa,eng,The Lion King (Reboot) Collection,movie
756,Pocahontas,False,pocahontas,81.0,1995,"Adventure, Animation, Drama, Family, History, Musical, Romance",55000000.0,346079773.0,usa,eng,Disney animated canon uk,movie
318,Toy Story,False,toy-story,81.0,1995,"Adventure, Animation, Comedy, Family",30000000.0,394436586.0,usa,eng,Toy Story Franchise,movie
3292,James and the Giant Peach,False,james-and-the-giant-peach,79.0,1996,"Adventure, Animation, Family, Fantasy, Musical",38000000.0,28946127.0,gbr,eng,Roald Dahl,movie
520,The Hunchback of Notre Dame,False,the-hunchback-of-notre-dame,91.0,1996,"Animation, Drama, Family, Musical, Romance",70000000.0,325338851.0,usa,eng,The Hunchback of Notre Dame,movie
935,Hercules,False,hercules-1997,93.0,1997,"Adventure, Animation, Comedy, Family, Fantasy, Musical",85000000.0,252700000.0,usa,eng,Disney animated canon uk,movie
592,Mulan,False,mulan,88.0,1998,"Adventure, Animation, Comedy, Family, Fantasy, Musical, War",90000000.0,304320254.0,usa,eng,Disney animated canon uk,movie
708,A Bug's Life,False,a-bugs-life,95.0,1998,"Adventure, Animation, Comedy, Family",120000000.0,363258859.0,usa,eng,pixar,movie
978,Tarzan,False,tarzan,88.0,1999,"Action, Adventure, Animation, Comedy, Drama, Family, Musical",130000000.0,448200000.0,usa,eng,Disney animated canon uk,movie
378,Toy Story 2,False,toy-story-2,92.0,1999,"Adventure, Animation, Comedy, Family",90000000.0,497375381.0,usa,eng,Toy Story Franchise,movie
3615,Fantasia 2000,False,fantasia-2000,74.0,1999,"Animation, Family, Musical",85000000.0,90900000.0,usa,eng,Disney animated canon uk,movie
7217,The Tigger Movie,False,the-tigger-movie,77.0,2000,"Animation, Comedy, Family",15000000.0,96200000.0,usa,eng,Winnie the Pooh Franchise,movie
1788,Dinosaur,False,dinosaur,82.0,2000,"Animation, Family",127500000.0,349800000.0,usa,eng,Disney & Pixar & Blue Sky,movie
952,The Emperor's New Groove,False,the-emperors-new-groove,78.0,2000,"Adventure, Animation, Comedy, Family, Fantasy",100000000.0,169300000.0,usa,eng,The Emperor's New Groove Franchise,movie
7446,Recess: School's Out,False,recess-schools-out,83.0,2001,"Animation, Comedy, Family, Science Fiction",23000000.0,44500000.0,usa,eng,Recess Franchise,movie
768,Atlantis: The Lost Empire,False,atlantis-the-lost-empire,96.0,2001,"Adventure, Animation, Family, Science Fiction",120000000.0,186100000.0,usa,eng,Disney animated canon uk,movie
331,"Monsters, Inc.",False,monsters-inc,92.0,2001,"Adventure, Animation, Comedy, Family, Fantasy",115000000.0,579707738.0,usa,eng,"Monsters, Inc. Franchise",movie
3407,Return to Never Land,False,return-to-never-land,72.0,2002,"Adventure, Animation, Family, Fantasy",20000000.0,109000000.0,usa,eng,Peter Pan Franchise,movie
864,Lilo & Stitch,False,lilo-stitch,85.0,2002,"Action, Adventure, Animation, Comedy, Drama, Family, Science Fiction",80000000.0,273100000.0,usa,eng,Disney animated canon uk,movie
655,Treasure Planet,False,treasure-planet,95.0,2002,"Adventure, Animation, Family, Fantasy, Science Fiction",140000000.0,110041363.0,usa,eng,Disney animated canon uk,movie
2152,The Jungle Book 2,False,the-jungle-book-2,72.0,2003,"Adventure, Animation, Family",20000000.0,135700000.0,usa,eng,Jungle Book Franchise,movie
5699,Piglet's Big Movie,False,piglets-big-movie,75.0,2003,"Adventure, Animation, Comedy",46000000.0,62900000.0,usa,eng,Winnie the Pooh Franchise,movie
256,Finding Nemo,False,finding-nemo,101.0,2003,"Adventure, Animation, Fantasy",94000000.0,941637960.0,usa,eng,Finding Nemo,movie
1157,Brother Bear,False,brother-bear,85.0,2003,"Action, Adventure, Animation, Children, Comedy, Family, Musical",46000000.0,250400000.0,usa,eng,Brother Bear Franchise,movie
1938,Home on the Range,False,home-on-the-range,76.0,2004,"Animation, Family",110000000.0,103900000.0,usa,eng,Disney animated canon uk,movie
3480,Pooh's Heffalump Movie,False,poohs-heffalump-movie,68.0,2005,"Animation, Family, Comedy, Fantasy",20000000.0,52900000.0,usa,eng,Winnie the Pooh Franchise,movie
800,Chicken Little,False,chicken-little,81.0,2005,"Action, Adventure, Animation, Comedy, Musical, Mystery, Science Fiction",150000000.0,314400000.0,usa,eng,Disney animated canon uk,movie
2507,The Wild,False,the-wild,94.0,2006,"Family, Animation",80000000.0,102300000.0,can,eng,Disney animated canon uk,movie
562,Cars,False,cars,117.0,2006,"Adventure, Animation, Comedy, Family, Sport",120000000.0,462200000.0,usa,eng,Cars Franchise,movie
1614,Meet the Robinsons,False,meet-the-robinsons,95.0,2007,"Adventure, Animation, Comedy, Family, Science Fiction",150000000.0,169300000.0,usa,eng,Disney animated canon uk,movie
534,Ratatouille,False,ratatouille,111.0,2007,"Animation, Comedy, Family",100000000.0,623712000.0,usa,eng,pixar,movie
1114,Enchanted,False,enchanted,107.0,2007,"Comedy, Family, Fantasy, Romance",85000000.0,340500000.0,usa,eng,Disney Live-action,movie
516,WALL·E,False,walle,98.0,2008,"Adventure, Animation, Family, Science Fiction",180000000.0,533300000.0,usa,eng,pixar,movie
918,Bolt,False,bolt,98.0,2008,"Adventure, Animation, Comedy, Family",150000000.0,310000000.0,usa,eng,Disney animated canon uk,movie
315,Up,False,up,96.0,2009,"Adventure, Animation, Comedy, Family",175000000.0,735100000.0,usa,eng,pixar,movie
677,A Christmas Carol,False,a-christmas-carol,98.0,2009,"Animation, Drama, Family",200000000.0,325300000.0,usa,eng,Disney & Pixar & Blue Sky,movie
866,The Princess and the Frog,False,the-princess-and-the-frog,97.0,2009,"Animation, Comedy, Fantasy, Food, Musical, Romance",105000000.0,271000000.0,usa,eng,Disney animated canon uk,movie
329,Toy Story 3,False,toy-story-3,103.0,2010,"Adventure, Animation, Comedy, Fantasy",200000000.0,1063171911.0,usa,eng,Toy Story Franchise,movie
636,Tangled,False,tangled,100.0,2010,"Action, Adventure, Animation, Children, Family, Musical, Mystery",260000000.0,592461732.0,usa,eng,Disney animated canon uk,movie
709,Cars 2,False,cars-2,107.0,2011,"Action, Adventure, Animation, Comedy, Family, Sport, Thriller",200000000.0,0.0,usa,eng,Cars Franchise,movie
186,Brave,False,brave,93.0,2012,"Action, Adventure, Animation, Comedy, Family, Fantasy",185000000.0,540400000.0,usa,eng,pixar,movie
4059,Frankenweenie,False,frankenweenie,87.0,2012,"Animation, Comedy, Family",39000000.0,81500000.0,usa,eng,,movie
237,Wreck-It Ralph,False,wreck-it-ralph,101.0,2012,"Adventure, Animation, Comedy, Family, Fantasy",165000000.0,471200000.0,usa,eng,Wreck-It Ralph Franchise,movie
411,Monsters University,False,monsters-university,103.0,2013,"Animation, Family",200000000.0,744200000.0,usa,eng,"Monsters, Inc. Franchise",movie
89,Frozen,False,frozen,102.0,2013,"Animation, Children, Family, Musical",150000000.0,1276000000.0,usa,eng,Frozen Franchise,movie
151,Big Hero 6,False,big-hero-6,110.0,2014,"Action, Adventure, Animation",165000000.0,0.0,usa,eng,Disney animated canon uk,movie
159,Inside Out,False,inside-out,95.0,2015,"Animation, Children, Comedy, Drama, Family, Fantasy",175000000.0,857600000.0,usa,eng,pixar,movie
699,The Good Dinosaur,False,the-good-dinosaur,100.0,2015,"Adventure, Animation, Comedy",175000000.0,332200000.0,usa,eng,pixar,movie
77,Zootopia,False,zootopia,108.0,2016,"Action, Adventure, Animation, Comedy, Crime, Family",150000000.0,1025521689.0,usa,eng,Disney animated canon uk,movie
576,Finding Dory,False,finding-dory,97.0,2016,"Adventure, Animation, Comedy, Family",200000000.0,1030000000.0,usa,eng,Finding Nemo,movie
9210,Moana,False,moana,107.0,2016,"Adventure, Animation, Children, Comedy, Family, Musical",175000000.0,643300000.0,usa,eng,Disney animated canon uk,movie
671,Cars 3,False,cars-3,109.0,2017,"Adventure, Animation, Comedy, Family, Sport",175000000.0,383900000.0,usa,eng,Cars Franchise,movie
321,Coco,False,coco,105.0,2017,"Animation, Family, Fantasy, Musical",175000000.0,814337054.0,usa,eng,pixar,movie
263,The Incredibles,False,the-incredibles,115.0,2004,"Action, Adventure, Animation, Children, Family",92000000.0,633000000.0,usa,eng,The Incredibles Franchise,movie
49,Incredibles 2,False,incredibles-2,118.0,2018,"Action, Adventure, Animation, Family",200000000.0,1240000000.0,usa,eng,The Incredibles Franchise,movie
3,Ralph Breaks the Internet,False,ralph-breaks-the-internet,112.0,2018,"Action, Adventure, Animation, Comedy, Family, Fantasy",175000000.0,526300000.0,usa,eng,Wreck-It Ralph Franchise,movie
10792,Toy Story 4,False,toy-story-4,100.0,2019,"Adventure, Animation, Children, Comedy, Family",200000000.0,1073000000.0,usa,eng,Toy Story Franchise,movie
9436,Frozen II,False,frozen-ii,103.0,2019,"Adventure, Animation, Comedy, Drama, Family, Fantasy, Musical",180000000.0,1406931383.0,usa,eng,Frozen Franchise,movie
131415,Raya and The Last Dragon,False,raya-and-the-last-dragon,108.0,2021,"Animation, Fantasy",100000000.0,82000000.0,usa,eng,Disney & Pixar & Blue Sky,movie
145454,Encanto,False,encanto,103.0,2021,"Adventure, Animation, Children, Fantasy, Musical",150000000.0,256800000.0,usa,eng,Disney & Pixar & Blue Sky,movie
332950,Strange World,False,332950-strange-world,102.0,2022,"Adventure, Animation, Children, Family",120000000.0,0.0,usa,eng,,movie
337156,Elemental,False,337156-elemental,108.0,2023,"Adventure, Animation, Comedy, Romance",200000000.0,444344708.0,usa,eng,Super Bowl 2023 Trailers,movie
339958,Wish,False,339958-wish,95.0,2023,"Adventure, Animation, Comedy, Family, Fantasy, Musical",200000000.0,0.0,usa,eng,,movie
131117,Soul,False,soul-2020,100.0,2020,"Adventure, Animation, Comedy, Family, Fantasy",150000000.0,0.0,usa,eng,pixar,movie
146582,Turning Red,False,turning-red,100.0,2022,"Adventure, Animation, Comedy, Drama, Fantasy",0.0,21813358.0,usa,eng,Disney & Pixar & Blue Sky,movie
339957,Inside Out 2,False,339957-inside-out-2,97.0,2024,"Adventure, Animation, Comedy, Drama, Family, Fantasy",200.0,1687283618.0,usa,eng,Inside Out Franchise,movie
353754,Moana 2,False,moana-2,100.0,2024,"Adventure, Animation, Comedy, Family, Musical",0.0,0.0,usa,eng,Moana Franchise,movie
344109,Zootopia 2,False,zootopia-2,108.0,2025,"Action, Adventure, Animation, Family, Mystery",150000000.0,1860000000.0,usa,eng,,movie
334,Star Wars: Episode I – The Phantom Menace,False,star-wars-episode-i-the-phantom-menace,136.0,1999,"Action, Adventure, Fantasy, Science Fiction",115000000.0,1030000000.0,usa,eng,Star Wars Franchise,movie
500,Star Wars: Episode II – Attack of the Clones,False,star-wars-episode-ii-attack-of-the-clones,142.0,2002,"Action, Adventure, Science Fiction",115000000.0,649400000.0,usa,eng,Star Wars Franchise,movie
875,Star Wars: Episode III – Revenge of the Sith,False,star-wars-episode-iii-revenge-of-the-sith,140.0,2005,"Action, Adventure, Fantasy, Science Fiction",113000000.0,848800000.0,usa,eng,Star Wars Franchise,movie
71,Star Wars,False,star-wars,121.0,1977,"Action, Adventure, Fantasy, Science Fiction",11000000.0,775398507.0,usa,eng,Star Wars Franchise,movie
466,The Empire Strikes Back,False,the-empire-strikes-back,124.0,1980,"Action, Adventure, Science Fiction",18000000.0,538375067.0,usa,eng,Star Wars Franchise,movie
698,Return of the Jedi,False,return-of-the-jedi,134.0,1983,"Action, Adventure, Science Fiction",32500000.0,475106177.0,usa,eng,Star Wars Franchise,movie
213,Star Wars: The Force Awakens,False,star-wars-the-force-awakens,138.0,2015,"Action, Adventure, Science Fiction",306000000.0,2070000000.0,usa,eng,Star Wars Franchise,movie
99,Star Wars: The Last Jedi,False,star-wars-the-last-jedi,152.0,2017,"Action, Science Fiction",263000000.0,1330000000.0,usa,eng,Star Wars Franchise,movie
12879,Star Wars: The Rise of Skywalker,False,star-wars-rise-of-skywalker,142.0,2019,"Adventure, Science Fiction",300000000.0,945945094.0,usa,eng,Star Wars Franchise,movie
5578,Star Wars: The Clone Wars,False,star-wars-the-clone-wars,98.0,2008,"Action, Adventure, Animation, Science Fiction",8500000.0,68300000.0,usa,eng,Star Wars Franchise,movie
367,Rogue One: A Star Wars Story,False,rogue-one-a-star-wars-story,134.0,2016,"Action, Adventure, Science Fiction",200000000.0,1058682142.0,usa,eng,Star Wars Franchise,movie
60,Solo: A Star Wars Story,False,solo-a-star-wars-story,135.0,2018,"Fantasy, Science Fiction",300000000.0,392900000.0,usa,eng,Star Wars Franchise,movie
169,The Matrix,False,the-matrix,136.0,1999,"Action, Science Fiction",63000000.0,463500000.0,usa,eng,The Matrix Franchise,movie
553,The Matrix Reloaded,False,the-matrix-reloaded,138.0,2003,"Action, Adventure, Science Fiction, Thriller",149999999.0,742100000.0,usa,eng,The Matrix Franchise,movie
687,The Matrix Revolutions,False,the-matrix-revolutions,129.0,2003,"Action, Adventure, Science Fiction, Thriller",150000000.0,427300000.0,usa,eng,The Matrix Franchise,movie
131590,The Matrix Resurrections,False,the-matrix-4,148.0,2021,"Action, Science Fiction, Thriller",190000000.0,156575035.0,usa,eng,The Matrix Franchise,movie
155,John Wick,False,john-wick,101.0,2014,"Action, Crime, Thriller",20000000.0,86081711.0,usa,eng,John Wick Franchise,movie
511,John Wick: Chapter 2,False,john-wick-chapter-2,122.0,2017,"Action, Crime, Thriller",40000000.0,171500000.0,usa,eng,John Wick Franchise,movie
6494,John Wick: Chapter 3 - Parabellum,False,john-wick-chapter-3-parabellum,131.0,2019,"Action, Crime, Thriller",75000000.0,326700000.0,usa,eng,John Wick Franchise,movie
131523,John Wick: Chapter 4,False,john-wick-chapter-4,169.0,2023,"Action, Crime, Thriller",0.0,0.0,usa,eng,John Wick Franchise,movie
1512,Ballerina,False,ballerina,89.0,2016,"Adventure, Animation, Comedy, Family",30000000.0,106100000.0,fra,eng,Dance movies,movie
867,Jurassic Park,False,jurassic-park,127.0,1993,"Adventure, Science Fiction",63000000.0,1030000000.0,usa,eng,Jurassic Park Franchise,movie
100418,The Lost World: Jurassic Park,False,the-lost-world-jurassic-park,134.0,1997,"Adventure, Fantasy",73000000.0,618600000.0,usa,eng,Jurassic Park Franchise,movie
111647,Jurassic Park III,False,jurassic-park-iii,92.0,2001,"Action, Adventure, Science Fiction",93000000.0,368780809.0,usa,eng,Jurassic Park Franchise,movie
200,Jurassic World,False,jurassic-world,124.0,2015,"Action, Adventure, Science Fiction, Thriller",150000000.0,1671537444.0,usa,eng,Jurassic Park Franchise,movie
57,Jurassic World: Fallen Kingdom,False,jurassic-world-fallen-kingdom,128.0,2018,"Action, Adventure, Science Fiction",187000000.0,1310000000.0,usa,eng,Jurassic Park Franchise,movie
13720,Jurassic World Dominion,False,jurassic-world-3,147.0,2022,"Action, Adventure, Science Fiction",165000000.0,1001978080.0,usa,eng,Jurassic Park Franchise,movie
353703,Jurassic World: Rebirth,False,jurassic-world-353703,134.0,2025,"Action, Adventure, Family, Science Fiction",180000000.0,719877235.0,usa,eng,marcus,movie
323,Raiders of the Lost Ark,False,raiders-of-the-lost-ark,115.0,1981,"Action, Adventure",18000000.0,389900000.0,usa,eng,Indiana Jones Franchise,movie
752,Indiana Jones and the Temple of Doom,False,indiana-jones-and-the-temple-of-doom,118.0,1984,"Action, Adventure",28200000.0,333100000.0,usa,eng,Indiana Jones Franchise,movie
1023,Indiana Jones and the Kingdom of the Crystal Skull,False,indiana-jones-and-the-kingdom-of-the-crystal-skull,122.0,2008,"Action, Adventure",185000000.0,786600000.0,usa,eng,Indiana Jones Franchise,movie
134846,Indiana Jones and the Dial of Destiny,False,indiana-jones-5,154.0,2023,"Action, Adventure",294700000.0,0.0,usa,eng,Indiana Jones Franchise,movie
519,Indiana Jones and the Last Crusade,False,indiana-jones-and-the-last-crusade,127.0,1989,"Action, Adventure",48000000.0,474200000.0,usa,eng,Indiana Jones Franchise,movie
41146,The Fast and the Furious,False,the-fast-and-the-furious,106.0,2001,"Action, Crime",38000000.0,207300000.0,usa,eng,The Fast & The Furious Franchise,movie
20800,2 Fast 2 Furious,False,2-fast-2-furious,107.0,2003,"Action, Crime",76000000.0,236300000.0,usa,eng,The Fast & The Furious Franchise,movie
26328,The Fast and the Furious: Tokyo Drift,False,the-fast-and-the-furious-tokyo-drift,104.0,2006,"Action, Crime",85000000.0,158500000.0,usa,eng,The Fast & The Furious Franchise,movie
39824,Fast & Furious,False,fast-furious,107.0,2009,Action,85000000.0,363200000.0,usa,eng,The Fast & The Furious Franchise,movie
32308,Fast Five,False,fast-five,130.0,2011,"Action, Crime, Thriller",125000000.0,626100000.0,usa,eng,The Fast & The Furious Franchise,movie
39780,Fast & Furious 6,False,fast-furious-6,130.0,2013,"Action, Crime, Thriller",160000000.0,788700000.0,usa,eng,The Fast & The Furious Franchise,movie
571,Furious 7,False,furious-7,137.0,2015,Action,190000000.0,1515341399.0,usa,eng,The Fast & The Furious Franchise,movie
120,The Fate of the Furious,False,the-fate-of-the-furious,136.0,2017,"Action, Thriller",250000000.0,1236005118.0,usa,eng,The Fast & The Furious Franchise,movie
10677,Fast & Furious Presents: Hobbs & Shaw,False,fast-furious-presents-hobbs-shaw,135.0,2019,"Action, Adventure, Science Fiction",200000000.0,760732926.0,usa,eng,The Fast & The Furious Franchise,movie
8856,F9,False,fast-furious-9,149.0,2021,"Action, Adventure, Crime",200000000.0,726229501.0,usa,eng,The Fast & The Furious Franchise,movie
4215,Fast X,False,fast-furious-10,141.0,2023,"Action, Adventure, Crime, Mystery, Suspense",340000000.0,704709660.0,usa,eng,The Fast & The Furious Franchise,movie
2131,The 13th Warrior,False,the-13th-warrior,102.0,1999,Adventure,160000000.0,61700000.0,usa,eng,,movie
4798,Bulletproof Monk,False,bulletproof-monk,130.0,2003,"Action, Comedy, Fantasy",52000000.0,37700000.0,usa,eng,,movie
829,Jaws,False,jaws,124.0,1975,"Adventure, Horror, Thriller",9000000.0,472000000.0,usa,eng,Jaws Franchise,movie
947,The Sixth Sense,False,the-sixth-sense,107.0,1999,"Drama, Horror, Mystery, Thriller",35750000.0,661501675.0,usa,eng,,movie
4677,To Kill a Mockingbird,False,to-kill-a-mockingbird,129.0,1962,"Crime, Drama",2000000.0,13100000.0,usa,eng,,movie
38104,"Run, Man, Run",False,run-man-run,120.0,1968,"Action, Western",,,ita,eng,,movie
18253,"Django Kill... If You Live, Shoot!",False,django-kill-if-you-live-shoot,100.0,1967,"Action, Western, Horror",,,ita,eng,,movie
121223,My Name Is Nobody,False,my-name-is-nobody-2017,89.0,2017,Documentary,,,nld,eng,,movie
27648,The Return of Ringo,False,the-return-of-ringo,95.0,1965,Western,,,ita,eng,,movie
21395,Keoma,False,keoma,105.0,1976,"Action, Western",,,ita,eng,,movie
36921,Cemetery Without Crosses,False,cemetery-without-crosses,90.0,1969,Western,,,fra,eng,,movie
18969,Day of Anger,False,day-of-anger,111.0,1967,Western,0.0,0.0,ita,eng,,movie
19890,A Bullet for the General,False,a-bullet-for-the-general,118.0,1966,Western,,,ita,eng,,movie
22458,Face to Face,False,face-to-face-1976,136.0,1976,"Drama, Fantasy",0.0,0.0,swe,eng,,movie
26826,Companeros,False,companeros,118.0,1970,"Action, Comedy, Western",,,ita,eng,,movie
8341,Giù la testa,False,duck-you-sucker,157.0,1971,Western,0.0,0.0,ita,ita,Amerika Trilogie,movie
10582,Death Rides a Horse,False,death-rides-a-horse,114.0,1967,Western,,,ita,eng,,movie
29626,The Mercenary,False,the-mercenary,110.0,1968,"Action, Comedy, Western",0.0,0.0,ita,eng,,movie
1175,Per un pugno di dollari,False,a-fistful-of-dollars,100.0,1964,Western,200000.0,14500000.0,ita,ita,Dollar Trilogie,movie
9575,The Big Gundown,False,the-big-gundown,105.0,1966,Western,,,ita,eng,,movie
5192,The Great Silence,False,the-great-silence,105.0,1968,Western,,,ita,eng,,movie
976,For a Few Dollars More,False,for-a-few-dollars-more,131.0,1965,Western,600000.0,15000000.0,ita,eng,Dollar Trilogie,movie
758,E.T. The Extra-Terrestrial,False,et-the-extra-terrestrial,120.0,1982,"Adventure, Family, Science Fiction",10500000.0,792900000.0,usa,eng,TheGreatOutdoorRental,movie
2781,Evolution,False,evolution,101.0,2001,"Action, Comedy, Science Fiction",80000000.0,98400000.0,usa,eng,,movie
596,Groundhog Day,False,groundhog-day,101.0,1993,"Comedy, Drama, Fantasy",14600000.0,70900000.0,usa,eng,Time Loop Trope [Movies],movie
184468,Mu mien jia sha,False,mu-mien-jia-sha,98.0,1985,"Action, Drama",,,hkg,yue,,movie
1608,Enter the Dragon,False,enter-the-dragon,102.0,1973,"Action, Thriller",850000.0,0.0,hkg,eng,Bruce _ Lee,movie
5309,Game of Death,False,game-of-death,94.0,1978,"Action, Crime, Drama, Thriller",0.0,0.0,hkg,eng,Game of Death [Saga],movie
3286,The Way of the Dragon,False,the-way-of-the-dragon,100.0,1972,"Action, Crime",0.0,0.0,hkg,eng,,movie
2063,Fist of Fury,False,fist-of-fury,108.0,1972,"Action, Drama, Thriller",0.0,0.0,hkg,eng,,movie
87595,Big Boss,False,big-boss,,1995,Drama,,,ind,eng,,movie
1876,Big Trouble in Little China,False,big-trouble-in-little-china,99.0,1986,"Action, Adventure, Comedy, Fantasy",25000000.0,11100000.0,usa,eng,,movie
223,Schindler's List,False,schindlers-list,195.0,1993,"Drama, History, War",22000000.0,322100000.0,usa,eng,Movies,movie
342,Baby Driver,False,baby-driver,112.0,2017,"Action, Crime",34000000.0,226945087.0,gbr,eng,Baby Driver,movie
330285,Moon Rabbit,False,moon-rabbit,15.0,2018,Drama,,,jpn,jpn,,movie
1747,Citizen Kane,False,citizen-kane,119.0,1941,Drama,839727.0,0.0,usa,eng,Watched Movies,movie
287533,Oppenheimer,False,oppenheimer,189.0,2023,"Drama, History, Thriller",100000000.0,650852126.0,usa,eng,Nolan,movie
2466,Lawrence of Arabia,False,lawrence-of-arabia,217.0,1962,"Action, Adventure, Drama",15000000.0,70000000.0,gbr,eng,أفلامي,movie
131091,The Hunt,False,the-hunt-2019,90.0,2020,"Action, Horror, Thriller",14000000.0,11472187.0,usa,eng,,movie
751,Eternal Sunshine of the Spotless Mind,False,eternal-sunshine-of-the-spotless-mind,108.0,2004,"Comedy, Drama, Romance, Science Fiction",20000000.0,74036715.0,usa,eng,,movie
9496,Requiem for a Dream,False,requiem-for-a-dream,102.0,2000,Drama,4500000.0,7400000.0,usa,eng,,movie
215134,John Lee Hooker: Come and See About Me,False,john-lee-hooker-come-and-see-about-me,127.0,2004,Musical,,,usa,eng,,movie
355,كفرناحوم,False,capernaum,121.0,2018,Drama,0.0,64417003.0,lbn,ara,عربي و بس,movie
873,Once Upon a Time in America,False,once-upon-a-time-in-america,251.0,1984,"Crime, Drama",30000000.0,5300000.0,usa,eng,Amerika Trilogie,movie
12999,Once Upon a Time... in Hollywood,False,once-upon-a-time-in-hollywood,161.0,2019,"Comedy, Drama",90000000.0,374343626.0,usa,eng,Filmes de Quentin Tarantino,movie
341,Call Me by Your Name,False,call-me-by-your-name,132.0,2017,"Drama, Romance",3500000.0,41900000.0,fra,eng,Culture LGBTQ+,movie
7644,Joker,False,joker,122.0,2019,"Crime, Drama, Thriller",70000000.0,1074445730.0,usa,eng,DC,movie
298880,Princess Mononoke: How the film was conceived,False,the-birth-of-princess-mononoke-part-1-a-drama-on-paper,399.0,1998,Documentary,,,jpn,jpn,Studio Ghibli Collection,movie
949,Good Will Hunting,False,good-will-hunting,127.0,1997,Drama,10000000.0,225900000.0,usa,eng,TheGreatOutdoorRental,movie
703,Braveheart,False,braveheart,178.0,1995,"Drama, History, War",70000000.0,210400000.0,usa,eng,Schottische Unabhängigkeitskriege,movie
445,American Beauty,False,american-beauty,122.0,1999,Drama,15000000.0,356300000.0,usa,eng,TheGreatOutdoorRental,movie
4568,Oldboy,False,oldboy-2013,104.0,2013,"Action, Drama, Thriller",30000000.0,4800000.0,usa,eng,,movie
3982,Amadeus,False,amadeus,160.0,1984,"Drama, History, Musical",18000000.0,52000000.0,usa,eng,TheGreatOutdoorRental,movie
397,Inglourious Basterds,False,inglourious-basterds,154.0,2009,"Action, War",70000000.0,321500000.0,usa,eng,Filmes de Quentin Tarantino,movie
1599,The Ring,False,the-ring,115.0,2002,"Horror, Mystery",48000000.0,249300000.0,usa,eng,Ring Franchise,movie
579,The Shining,False,the-shining,143.0,1980,"Drama, Horror",19000000.0,46998772.0,gbr,eng,The Shining Franchise,movie
2526,Das Leben der Anderen,False,the-lives-of-others,137.0,2006,"Drama, Thriller",2000000.0,77300000.0,deu,deu,,movie
350396,१२वीं फेल,False,12th-fail,146.0,2023,Drama,0.0,0.0,ind,hin,,movie
434,Memento,False,memento,113.0,2000,"Mystery, Thriller",9000000.0,39700000.0,usa,eng,Nolan,movie
694,Full Metal Jacket,False,full-metal-jacket,116.0,1987,"Drama, War",30000000.0,120000000.0,gbr,eng,,movie
22350,Cinderella Once Upon A Time In The West,False,cinderella-once-upon-a-time-in-the-west,81.0,2012,"Animation, Family",,,fra,eng,,movie
1163,Nuovo Cinema Paradiso,False,cinema-paradiso,122.0,1988,Drama,5000000.0,12397210.0,ita,ita,,movie
556,Intouchables,False,the-intouchables,112.0,2011,"Comedy, Drama",0.0,0.0,fra,fra,Intouchables,movie
1762,Casablanca,False,casablanca,102.0,1942,"Drama, Romance",878000.0,3700000.0,usa,eng,MOVIES,movie
879,Reservoir Dogs,False,reservoir-dogs,99.0,1992,"Crime, Thriller",1500000.0,2800000.0,usa,eng,Filmes de Quentin Tarantino,movie
908,Kill Bill: Vol. 1,False,kill-bill-vol-1,111.0,2003,"Action, Thriller",30000000.0,180900000.0,usa,eng,Filmes de Quentin Tarantino,movie
1048,The Usual Suspects,False,the-usual-suspects,106.0,1995,"Crime, Drama, Thriller",6000000.0,34400000.0,usa,eng,Movies,movie
60549,Harakiri,False,harakiri-1919,80.0,1919,Drama,,,deu,eng,,movie
24506,Grave of the Fireflies,False,grave-of-the-fireflies,148.0,2005,Drama,,,jpn,eng,,movie
896,American History X,False,american-history-x,119.0,1998,Drama,20000000.0,23900000.0,usa,eng,Mi colección,movie
129,Whiplash,False,whiplash,107.0,2014,"Drama, Musical",3300000.0,49000000.0,usa,eng,أفلامي,movie
645,Psycho,False,psycho,109.0,1960,"Horror, Mystery, Thriller",806947.0,32041845.0,usa,eng,Psycho Franchise,movie
34741,Parasite,False,parasite,85.0,1982,"Horror, Science Fiction",,,usa,eng,,movie
1361,The Pianist,False,the-pianist,150.0,2002,"Drama, History, War",35000000.0,120100000.0,fra,eng,أفلامي,movie
187028,The Art of 'Spirited Away',False,the-art-of-spirited-away,15.0,2003,"Animation, Documentary",,,usa,eng,Studio Ghibli Collection,movie
8725,Terminator: Dark Fate,False,terminator-dark-fate,128.0,2019,"Action, Science Fiction",200000000.0,0.0,usa,eng,Terminator Franchise,movie
208,Terminator Genisys,False,terminator-genisys,126.0,2015,"Action, Adventure, Science Fiction, Thriller",155000000.0,440603537.0,usa,eng,Terminator Franchise,movie
861,Terminator Salvation,False,terminator-salvation,115.0,2009,"Action, Science Fiction, Thriller",200000000.0,371400000.0,usa,eng,Terminator Franchise,movie
663,Terminator 3: Rise of the Machines,False,terminator-3-rise-of-the-machines,109.0,2003,"Action, Science Fiction, Thriller",187300000.0,433400000.0,usa,eng,Terminator Franchise,movie
412,Terminator 2: Judgment Day,False,terminator-2-judgment-day,137.0,1991,"Action, Science Fiction, Thriller",102000000.0,523700000.0,usa,eng,Terminator Franchise,movie
470,The Terminator,False,the-terminator,108.0,1984,"Action, Science Fiction, Thriller",6400000.0,78300000.0,usa,eng,Terminator Franchise,movie
308,The Green Mile,False,the-green-mile,189.0,1999,"Crime, Fantasy",60000000.0,290700000.0,usa,eng,Tom Hanks,movie
82033,Life Is Beautiful,False,life-is-beautiful-2012,167.0,2012,"Comedy, Drama, Family",,,ind,eng,,movie
67829,City of God,False,city-of-god-2011,147.0,2011,"Crime, Thriller",,,ind,eng,,movie
569,Saving Private Ryan,False,saving-private-ryan,169.0,1998,"Drama, War",70000000.0,482300000.0,usa,eng,World War I & II,movie
15030,The Silence of the Lambs,False,the-silence-of-the-lambs,119.0,1991,"Crime, Drama, Horror, Thriller",19000000.0,272700000.0,usa,eng,Hannibal Lecter Main Franchise,movie
1537,Seven Samurai,False,seven-samurai,207.0,1954,"Action, Drama",0.0,0.0,jpn,eng,,movie
771,It's a Wonderful Life,False,its-a-wonderful-life,129.0,1946,"Drama, Family, Fantasy",3180000.0,3300000.0,usa,eng,Ultimate Movie Blowout,movie
268,Se7en,False,se7en,127.0,1995,"Crime, Thriller",33000000.0,327333559.0,usa,eng,Movies,movie
785,One Flew Over the Cuckoo's Nest,False,one-flew-over-the-cuckoos-nest,133.0,1975,Drama,3000000.0,109000000.0,usa,eng,,movie
113,Inception,False,inception,148.0,2010,"Action, Drama, Science Fiction, Thriller",160000000.0,828300000.0,usa,eng,Nolan,movie
472,Taxi Driver,False,taxi-driver,114.0,1976,"Crime, Drama",1900000.0,28300000.0,usa,eng,,movie
247,Fight Club,False,fight-club,139.0,1999,"Crime, Drama, Thriller",63000000.0,100900000.0,usa,eng,أفلامي,movie
294,Forrest Gump,False,forrest-gump,142.0,1994,"Drama, Romance",55000000.0,683095371.0,usa,eng,Tom Hanks,movie
327361,Who Art in Heaven,False,who-art-in-heaven,22.0,2013,Drama,200.0,,usa,eng,,movie
228,Pulp Fiction,False,pulp-fiction,154.0,1994,"Crime, Thriller",8500000.0,213900000.0,usa,eng,Filmes de Quentin Tarantino,movie
107,The Lord of the Rings: The Fellowship of the Ring,False,the-lord-of-the-rings-the-fellowship-of-the-ring,178.0,2001,"Action, Adventure, Drama, Fantasy",93000000.0,888159092.0,gbr,eng,The Lord of the Rings Franchise,movie
157,The Lord of the Rings: The Two Towers,False,the-lord-of-the-rings-the-two-towers,179.0,2002,"Action, Adventure, Drama, Fantasy",94000000.0,943396133.0,usa,eng,The Lord of the Rings Franchise,movie
74,The Lord of the Rings: The Return of the King,False,the-lord-of-the-rings-the-return-of-the-king,200.0,2003,"Action, Adventure, Fantasy, War",100000000.0,1120000000.0,usa,eng,The Lord of the Rings Franchise,movie
572,12 Angry Men,False,12-angry-men,96.0,1957,"Crime, Drama",340000.0,2000000.0,usa,eng,Movies 101,movie
222,The Dark Knight Rises,False,the-dark-knight-rises,164.0,2012,"Action, Thriller",300000000.0,1080000000.0,usa,eng,Dark Knight Trilogy,movie
116,The Dark Knight,False,the-dark-knight,152.0,2008,"Action, Crime, Drama",185000000.0,1000000000.0,usa,eng,Dark Knight Trilogy,movie
293,Batman Begins,False,batman-begins,140.0,2005,"Action, Thriller",150000000.0,375200000.0,usa,eng,Dark Knight Trilogy,movie
780,The Godfather: Part II,False,the-godfather-part-ii,204.0,1974,"Crime, Drama",13000000.0,57300000.0,usa,eng,Godfather Franchise,movie
275,The Godfather,False,the-godfather,175.0,1972,"Crime, Drama",6500000.0,286000000.0,usa,eng,Godfather Franchise,movie
190,The Shawshank Redemption,False,the-shawshank-redemption,142.0,1994,Drama,25000000.0,58300000.0,usa,eng,أفلامي,movie
13659,Rambo: Last Blood,False,rambo-last-blood,89.0,2019,Action,0.0,0.0,usa,eng,Rambo Franchise,movie
989,Rambo,False,rambo,92.0,2008,"Action, Thriller",50000000.0,113200000.0,usa,eng,Rambo Franchise,movie
1020,Rambo III,False,rambo-iii,102.0,1988,"Action, Adventure, Thriller",63000000.0,189000000.0,usa,eng,Rambo Franchise,movie
481,Rambo: First Blood Part II,False,rambo-first-blood-part-ii,96.0,1985,"Action, Adventure, Thriller",25500000.0,300400000.0,usa,eng,Rambo Franchise,movie
565,First Blood,False,first-blood,93.0,1982,"Action, Adventure, Thriller",15000000.0,125200000.0,usa,eng,Rambo Franchise,movie
353858,Predator: Badlands,False,badlands-353858,108.0,2025,"Action, Science Fiction",105000000.0,0.0,usa,eng,Predator Franchise,movie
365795,Predator: Killer of Killers,False,predator-killer-of-killers,85.0,2025,"Action, Adventure, Animation",0.0,0.0,usa,eng,Predator Franchise,movie
332435,Prey,False,332435-prey,100.0,2022,"Action, Drama, Horror, Science Fiction, Thriller",0.0,0.0,usa,eng,Alien,movie
76,The Predator,False,the-predator,107.0,2018,"Action, Adventure, Horror, Science Fiction, Thriller",88000000.0,160500000.0,usa,eng,Predator Franchise,movie
1107,Predators,False,predators,110.0,2010,"Action, Adventure, Horror, Science Fiction, Thriller",40000000.0,127200000.0,usa,eng,Predator Franchise,movie
1085,Predator 2,False,predator-2,108.0,1990,"Action, Horror, Science Fiction, Thriller",35000000.0,57100000.0,usa,eng,Predator Franchise,movie
479,Predator,False,predator,107.0,1987,"Action, Adventure, Horror, Science Fiction, Thriller",18000000.0,98700000.0,usa,eng,Predator Franchise,movie
784,Alien Resurrection,False,alien-resurrection,116.0,1997,"Action, Horror, Science Fiction",75000000.0,161400000.0,usa,eng,Alien Franchise,movie
670,Alien³,False,alien-1992,114.0,1992,"Action, Horror, Science Fiction",55000000.0,159800000.0,usa,eng,Alien Franchise,movie
654,Aliens,False,aliens,137.0,1986,"Action, Horror, Science Fiction, Thriller",18000000.0,183300000.0,usa,eng,Alien Franchise,movie
349288,Alien: Romulus,False,alien-romulus,119.0,2024,"Horror, Science Fiction",0.0,0.0,usa,eng,Alien Collection,movie
199,Alien: Covenant,False,alien-covenant,122.0,2017,"Action, Horror, Science Fiction",111000000.0,240900000.0,usa,eng,Alien Franchise,movie
527,Prometheus,False,prometheus,124.0,2012,"Adventure, Horror, Mystery, Science Fiction",130000000.0,403400000.0,usa,eng,Alien Franchise,movie
1227,Aliens vs Predator: Requiem,False,aliens-vs-predator-requiem,101.0,2007,"Action, Fantasy, Horror, Science Fiction, Thriller",40000000.0,129000000.0,usa,eng,Alien vs. Predator,movie
1589,AVP: Alien vs. Predator,False,avp-alien-vs-predator,101.0,2004,"Action, Adventure, Science Fiction",60000000.0,172500000.0,usa,eng,Alien vs. Predator,movie
264,Alien,False,alien,117.0,1979,"Horror, Science Fiction",11000000.0,203600000.0,usa,eng,Alien Franchise,movie
77904,One Hundred Mornings,False,one-hundred-mornings,85.0,2009,"Drama, Thriller, Science Fiction",,,irl,eng,,movie
4454,The Exorcism of Emily Rose,False,the-exorcism-of-emily-rose,122.0,2005,"Crime, Drama, Horror, Thriller",19300000.0,144200000.0,usa,eng,,movie
3423,Django,False,django,93.0,1966,"Action, Western",0.0,0.0,ita,eng,Django (Franco Nero) Filmreihe,movie
2851,The Big Boss,False,the-big-boss,100.0,1971,Action,0.0,0.0,hkg,eng,,movie
131524,The Gentlemen,False,the-gentlemen,113.0,2019,"Action, Crime",22000000.0,115000000.0,gbr,eng,The Gentlemen Franchise,movie
3849,३ इडियट्स,False,3-idiots,170.0,2009,"Comedy, Drama",0.0,0.0,ind,hin,3 Idiots - Remakes,movie
1409,Kill Bill: Vol. 2,False,kill-bill-vol-2,137.0,2004,"Action, Martial Arts, Thriller",30000000.0,152200000.0,usa,eng,Filmes de Quentin Tarantino,movie
436,Scary Movie,False,scary-movie,88.0,2000,Comedy,19000000.0,278000000.0,usa,eng,Scary Movie Franchise,movie
1276,Scary Movie 2,False,scary-movie-2,83.0,2001,Comedy,45000000.0,141200000.0,usa,eng,Scary Movie Franchise,movie
1294,Scary Movie 3,False,scary-movie-3,84.0,2003,Comedy,48000000.0,220700000.0,usa,eng,Scary Movie Franchise,movie
2953,Scary Movie 4,False,scary-movie-4,89.0,2006,"Comedy, Fantasy",40000000.0,178300000.0,usa,eng,Scary Movie Franchise,movie
858,Scary Movie 5,False,scary-movie-5,88.0,2013,Comedy,20000000.0,78378744.0,usa,eng,Scary Movie Franchise,movie
132692,The Room,False,132692-the-room,100.0,2019,"Drama, Fantasy, Thriller",0.0,0.0,fra,eng,,movie
1684,The Disaster Artist,False,the-disaster-artist,104.0,2017,"Comedy, Drama",10000000.0,29800000.0,usa,eng,Rickrolling Collection,movie
376,Saw,False,saw,103.0,2004,"Horror, Thriller",1200000.0,103090000.0,usa,eng,Saw Franchise,movie
1635,Saw II,False,saw-ii,93.0,2005,"Horror, Thriller",4000000.0,147700000.0,usa,eng,Saw Franchise,movie
1710,Saw III,False,saw-iii,120.0,2006,"Horror, Thriller",10000000.0,164800000.0,usa,eng,Saw Franchise,movie
2404,Saw IV,False,saw-iv,93.0,2007,"Horror, Thriller",10000000.0,139300000.0,usa,eng,Saw Franchise,movie
1352,Saw V,False,saw-v,95.0,2008,"Crime, Horror, Mystery, Thriller",10800000.0,113800000.0,usa,eng,Saw Franchise,movie
1706,Saw VI,False,saw-vi,90.0,2009,"Crime, Horror, Thriller",11000000.0,68200000.0,usa,eng,Saw Franchise,movie
1222,Jigsaw,False,jigsaw,92.0,2017,"Crime, Horror, Thriller",10000000.0,103000000.0,usa,eng,Saw Franchise,movie
141369,Spiral,False,spiral-2019,87.0,2020,"Horror, Mystery, Thriller",0.0,0.0,usa,eng,,movie
340891,Saw X,False,saw-x,118.0,2023,"Crime, Drama, Horror, Thriller",13000000.0,0.0,usa,eng,TERROR E SOBRENATURAL,movie
1274,Final Destination,False,final-destination,98.0,2000,"Horror, Science Fiction, Thriller",23000000.0,112900000.0,usa,eng,Final Destination Franchise,movie
2362,Final Destination 2,False,final-destination-2,90.0,2003,"Horror, Thriller",26000000.0,90400000.0,usa,eng,Final Destination Franchise,movie
2159,Final Destination 3,False,final-destination-3,93.0,2006,"Horror, Thriller",25000000.0,117700000.0,usa,eng,Final Destination Franchise,movie
2960,The Final Destination,False,the-final-destination,82.0,2009,"Horror, Thriller",40000000.0,186200000.0,usa,eng,Final Destination Franchise,movie
2099,Final Destination 5,False,final-destination-5,92.0,2011,"Horror, Thriller",40000000.0,157900000.0,usa,eng,Final Destination Franchise,movie
337970,Final Destination: Bloodlines,False,final-destination-6,100.0,2025,"Action, Crime, Drama, Horror, Mystery, Suspense",0.0,0.0,usa,eng,marcus,movie
1631,Drunken Master,False,drunken-master,111.0,1978,"Action, Comedy",,,hkg,eng,Drunken Master Franchise,movie
1375,Rush Hour,False,rush-hour,98.0,1998,"Action, Comedy, Crime, Thriller",35000000.0,244400000.0,usa,eng,Rush Hour Franchise,movie
2239,Rush Hour 2,False,rush-hour-2,90.0,2001,"Action, Comedy, Crime, Thriller",90000000.0,347300000.0,hkg,eng,Rush Hour Franchise,movie
5770,Rush Hour 3,False,rush-hour-3,90.0,2007,"Action, Comedy, Crime, Thriller",140000000.0,258000000.0,usa,eng,Rush Hour Franchise,movie
4975,Gorgeous,False,gorgeous,121.0,1999,"Adventure, Action, Comedy",,40545889.0,hkg,eng,,movie
3632,Shanghai Noon,False,shanghai-noon,110.0,2000,"Adventure, Action, Comedy, Western",55000000.0,100500000.0,usa,eng,Shanghai Noon Franchise,movie
3572,Shanghai Knights,False,shanghai-knights,115.0,2003,"Action, Adventure, Comedy, Western",50000000.0,88300000.0,usa,eng,Shanghai Noon Franchise,movie
20299,The Accidental Spy,False,the-accidental-spy,87.0,2001,"Action, Comedy, Thriller",0.0,0.0,hkg,eng,,movie
681,Around the World in 80 Days,False,around-the-world-in-80-days,120.0,2004,"Action, Adventure, Comedy",110000000.0,75000000.0,usa,eng,Around the World in 80 Days [Adaptation],movie
362,Kung Fu Panda,False,kung-fu-panda,95.0,2008,"Adventure, Animation, Comedy, Family",130000000.0,631700000.0,usa,eng,Kung Fu Panda Franchise,movie
769,Kung Fu Panda 2,False,kung-fu-panda-2,91.0,2011,"Animation, Drama, Family",150000000.0,665700000.0,usa,eng,Kung Fu Panda Franchise,movie
872,Kung Fu Panda 3,False,kung-fu-panda-3,95.0,2016,"Action, Adventure, Animation, Comedy, Family",145000000.0,521200000.0,chn,eng,Kung Fu Panda Franchise,movie
339249,Kung Fu Panda 4,False,kung-fu-panda-4,93.0,2024,"Action, Adventure, Animation, Comedy, Family, Fantasy, Martial Arts",85000000.0,536661406.0,usa,eng,Kung Fu Panda,movie
1241,The Road to El Dorado,False,the-road-to-el-dorado,89.0,2000,"Adventure, Animation, Comedy, Family, Musical",95000000.0,76400000.0,usa,eng,DreamWorks,movie
5749,The Spy Next Door,False,the-spy-next-door,94.0,2010,"Action, Comedy, Family",28000000.0,45200000.0,usa,eng,,movie
2283,The Karate Kid,False,the-karate-kid-1984,126.0,1984,"Drama, Martial Arts",8000000.0,91000000.0,usa,eng,Karate Kid Franchise,movie
2248,"The Karate Kid, Part II",False,the-karate-kid-part-ii,113.0,1986,"Action, Adventure, Drama, Family",13000000.0,115100000.0,usa,eng,Karate Kid Franchise,movie
2889,The Karate Kid Part III,False,the-karate-kid-part-iii,112.0,1989,"Adventure, Family",0.0,38900000.0,usa,eng,Karate Kid Franchise,movie
4803,The Next Karate Kid,False,the-next-karate-kid,107.0,1994,"Action, Drama, Martial Arts",12000000.0,15800000.0,usa,eng,Karate Kid Franchise,movie
221161,Lang bei wei jian,False,wits-to-wits,119.0,1974,"Action, Drama",,,hkg,zho,,movie
325,Shrek,False,shrek,90.0,2001,"Animation, Children, Comedy, Family, Fantasy, Romance",60000000.0,484400000.0,usa,eng,Shrek Franchise,movie
402,Shrek 2,False,shrek-2,93.0,2004,"Adventure, Animation, Comedy",150000000.0,919800000.0,usa,eng,Shrek Franchise,movie
1014,Shrek the Third,False,shrek-the-third,94.0,2007,"Animation, Comedy, Family, Fantasy",160000000.0,799000000.0,usa,eng,Shrek Franchise,movie
1220,Shrek Forever After,False,shrek-forever-after,95.0,2010,"Animation, Comedy, Family, Fantasy",0.0,752600000.0,usa,eng,Shrek Franchise,movie
3514,Puss in Boots,False,puss-in-boots,90.0,2011,"Adventure, Animation, Comedy, Family, Fantasy",130000000.0,554987477.0,usa,eng,Shrek Franchise,movie
68362,Puss in Boots: The Last Wish,False,puss-in-boots-2-nine-lives-40-thieves,103.0,2022,"Adventure, Animation, Comedy",90000000.0,28563187.0,usa,eng,DreamWorks,movie
1533,The League of Extraordinary Gentlemen,False,the-league-of-extraordinary-gentlemen,110.0,2003,"Action, Fantasy, Science Fiction, Thriller",78000000.0,179300000.0,usa,eng,,movie
273690,Mohabbat Ka Masihaa,False,mohabbat-ka-masihaa,,1984,Romance,,,ind,hin,,movie
528,V for Vendetta,False,v-for-vendetta,133.0,2005,"Action, Science Fiction, Thriller",54000000.0,132500000.0,usa,eng,DC,movie
2641,Stardust,False,stardust,130.0,2007,"Adventure, Fantasy, Romance",70000000.0,135600000.0,gbr,eng,Based on works by Neil Gaiman,movie
360733,Unicorn Boy,False,unicorn-boy,90.0,2024,"Animation, Drama, Fantasy",0.0,0.0,usa,eng,,movie
2327,The Losers,False,the-losers,97.0,2010,"Action, Adventure, Crime, Thriller",25000000.0,29397654.0,usa,eng,DC Anthology,movie
1545,Jonah Hex,False,jonah-hex,81.0,2010,"Action, Western, Drama, Fantasy, Thriller",47000000.0,10900000.0,usa,eng,DC Anthology,movie
1780,RED,False,red,111.0,2010,"Action, Comedy",58000000.0,199000000.0,usa,eng,RED Franchise,movie
854,Green Lantern,False,green-lantern,114.0,2011,"Action, Adventure, Science Fiction",200000000.0,219851172.0,usa,eng,DC,movie
652,Man of Steel,False,man-of-steel,143.0,2013,"Action, Adventure, Fantasy",225000000.0,667999518.0,usa,eng,DC Extended Universe,movie
1873,RED 2,False,red-2,116.0,2013,"Action, Comedy",84000000.0,148100000.0,usa,eng,RED Franchise,movie
158,Batman v Superman: Dawn of Justice,False,batman-v-superman-dawn-of-justice,151.0,2016,"Action, Adventure, Science Fiction",250000003.0,873637530.0,usa,eng,Man of Steel Franchise,movie
746,Suicide Squad,False,suicide-squad,123.0,2016,"Action, Adventure, Crime, Fantasy, Science Fiction",175000000.0,746800000.0,usa,eng,DC Extended Universe,movie
109,Wonder Woman,False,wonder-woman,141.0,2017,"Action, Adventure, Fantasy",150000000.0,821800000.0,usa,eng,DC Extended Universe,movie
114,Justice League,False,justice-league,120.0,2017,"Action, Adventure, Fantasy",300000000.0,657926987.0,usa,eng,DC Extended Universe,movie
39,Aquaman,False,aquaman,143.0,2018,"Action, Adventure, Fantasy",160000003.0,1148528393.0,usa,eng,DC Extended Universe,movie
2487,Shazam!,False,shazam,132.0,2019,"Action, Adventure, Comedy, Fantasy",100000000.0,364600000.0,usa,eng,DC Extended Universe,movie
7556,The Kitchen,False,the-kitchen,102.0,2019,"Crime, Drama, Thriller",0.0,0.0,usa,eng,,movie
77746,ACM Presents Lionel Richie and Friends in Concert,False,acm-presents-lionel-richie-and-friends-in-concert,97.0,2012,,,,usa,eng,Concerts,movie
18763,Wonder Woman 1984,False,wonder-woman-1984,151.0,2020,"Action, Adventure, Fantasy",200000000.0,169602006.0,usa,eng,DC Extended Universe,movie
157282,Zack Snyder's Justice League,False,zack-snyders-justice-league,242.0,2021,"Action, Adventure, Fantasy",0.0,0.0,usa,eng,DCEU,movie
13333,The Suicide Squad,False,the-suicide-squad,132.0,2021,"Action, Adventure, Comedy",185000000.0,168657565.0,usa,eng,DC Extended Universe,movie
15778,The Batman,False,the-batman,176.0,2022,"Action, Crime, Mystery",185000000.0,769201241.0,usa,eng,DC,movie
33190,Black Adam,False,black-adam,125.0,2022,"Action, Fantasy, Science Fiction",195000000.0,392952111.0,usa,eng,DC Extended Universe,movie
134845,Shazam! Fury of the Gods,False,shazam-2,130.0,2023,"Action, Adventure, Comedy, Crime, Fantasy, Thriller",125000000.0,132074575.0,usa,eng,DC Extended Universe,movie
15763,The Flash,False,the-flash,144.0,2023,"Action, Adventure, Fantasy, Science Fiction",200000000.0,248601309.0,usa,eng,DC Extended Universe,movie
156176,Blue Beetle,False,blue-beetle,127.0,2023,"Action, Adventure, Science Fiction",104000000.0,129288072.0,usa,eng,DCEU,movie
28716,Aquaman and The Lost Kingdom,False,aquaman-2,124.0,2023,"Action, Adventure, Fantasy, Science Fiction",205000000.0,0.0,usa,eng,DC Extended Universe,movie
330830,Joker: Folie à Deux,False,joker-2,148.0,2024,"Crime, Drama, Musical, Romance, Thriller",150000000.0,0.0,usa,eng,Joker Collection,movie
343855,Superman,False,superman-legacy,130.0,2025,"Action, Adventure, Family, Fantasy, Science Fiction",490000000.0,507000000.0,usa,eng,Universo DC - DCU,movie
175994,The Woman King,False,the-woman-king,135.0,2022,"Action, Drama, History",50000000.0,97250903.0,usa,eng,Traite négrière [Sujet],movie
289,Django Unchained,False,django-unchained,165.0,2012,Western,100000000.0,425400000.0,usa,eng,Filmes de Quentin Tarantino,movie
4630,Il mio nome è Nessuno,False,my-name-is-nobody,117.0,1973,"Comedy, Western",0.0,0.0,ita,ita,,movie
133417,Spiral: From The Book Of Saw,False,133417-spiral,93.0,2021,Horror,0.0,0.0,usa,eng,Saw Franchise,movie
1731,Watchmen,False,watchmen,215.0,2009,"Action, Drama, Fantasy, Mystery, Science Fiction",130000000.0,185382813.0,usa,eng,DC,movie
33,Spider-Man: Into the Spider-Verse,False,spider-man-into-the-spider-verse,117,2018,"Action, Adventure, Animation, Science Fiction",90000000.00,370600000.00,usa,eng,Spider-Verse,movie
